"注釈",0,1,2,3,4,5,6,7,8,9,10,11,12,13,14,15,16,17,18,19,20,21,22,23
"[ヘッダ部＆付加情報]","ヘッダ","ログ記録開始日","","","","","","","","","","","","","","","","","","","","","",""
"[各種情報]","実行時刻","総カウント数","最終記録IP","","","","","","","","","","","","","","","","","","","","",""
"[日別集計]","0日前(本日)","1日前(昨日)","2日前","3日前","4日前","5日前","6日前","7日前","","","","","","","","","","","","","","","",""
"[時間別集計]","0時台","1時台","2時台","3時台","4時台","5時台","6時台","7時台","8時台","9時台","10時台","11時台","12時台","13時台","14時台","15時台","16時台","17時台","18時台","19時台","20時台","21時台","22時台","23時台"
"[曜日別集計]","日曜","月曜","火曜","水曜","木曜","金曜","土曜","","","","","","","","","","","","","","","","",""
"[週別集計]","今週","先週","2週前","3週前","4週前","5週前","","","","","","","","","","","","","","","","","",""
"[月別集計]","1月","2月","3月","4月","5月","6月","7月","8月","9月","10月","11月","12月","","","","","","","","","","","",""
"[年度別集計]","0年前(今年)","1年前(昨年)","2年前","3年前","4年前","5年前","","","","","","","","","","","","","","","","","",""
"[ここからアクセスログ]","カウント","日付(通算秒数)","ホスト(IP)","ブラウザ","参照元URL","画面情報","","","","","","","","","","","","","","","","","",""
"　　：","　　：","　　：","　　：","　　：","　　：","","","","","","","","","","","","","","","","","","",""
